CREATE TABLE surveys (
  record_id INTEGER, 
  year INTEGER, 
  month INTEGER, 
  day INTEGER, 
  plot_id INTEGER, 
  species_id TEXT, 
  sex TEXT, 
  hindfoot_length INTEGER, 
  weight INTEGER
);
INSERT INTO "surveys" VALUES(1,1977,7,16,2,'NL','M',32,NULL);
INSERT INTO "surveys" VALUES(101,1977,8,20,5,'DM','F',35,46);
INSERT INTO "surveys" VALUES(201,1977,9,12,10,'DS','M',47,NULL);
INSERT INTO "surveys" VALUES(301,1977,10,17,17,'DS','F',48,NULL);
INSERT INTO "surveys" VALUES(401,1977,11,13,3,NULL,NULL,NULL,NULL);
INSERT INTO "surveys" VALUES(501,1977,12,11,21,'OT',NULL,NULL,NULL);
INSERT INTO "surveys" VALUES(601,1978,2,18,2,'DM','M',36,41);
INSERT INTO "surveys" VALUES(701,1978,3,12,17,'OL',NULL,NULL,NULL);
INSERT INTO "surveys" VALUES(801,1978,4,9,14,'DS','F',46,142);
INSERT INTO "surveys" VALUES(901,1978,5,18,4,'DS','F',48,68);
INSERT INTO "surveys" VALUES(1001,1978,6,9,18,'DM','F',34,42);
INSERT INTO "surveys" VALUES(1101,1978,7,8,1,'DS','F',NULL,65);
INSERT INTO "surveys" VALUES(1201,1978,9,3,12,'PP','M',23,19);
INSERT INTO "surveys" VALUES(1301,1978,9,4,2,'PE','M',20,17);
INSERT INTO "surveys" VALUES(1401,1978,11,4,8,'DS','F',49,124);
INSERT INTO "surveys" VALUES(1501,1978,12,2,8,'DS','F',49,122);
INSERT INTO "surveys" VALUES(1601,1979,1,29,14,'DS','F',NULL,142);
INSERT INTO "surveys" VALUES(1701,1979,3,31,2,'DM','F',36,46);
INSERT INTO "surveys" VALUES(1801,1979,5,29,17,'DS',NULL,NULL,NULL);
INSERT INTO "surveys" VALUES(1901,1979,7,4,14,'DM','M',38,44);
INSERT INTO "surveys" VALUES(2001,1979,8,23,4,'DS','M',49,124);
INSERT INTO "surveys" VALUES(2101,1979,10,24,12,'DM','M',37,45);
INSERT INTO "surveys" VALUES(2201,1979,11,18,8,'DM','M',36,43);
INSERT INTO "surveys" VALUES(2301,1980,1,15,9,'DS','F',50,136);
INSERT INTO "surveys" VALUES(2401,1980,1,16,14,'DM','M',36,37);
INSERT INTO "surveys" VALUES(2501,1980,2,25,24,'DS','M',51,87);
INSERT INTO "surveys" VALUES(2601,1980,3,9,4,'DS','F',NULL,111);
INSERT INTO "surveys" VALUES(2701,1980,3,9,2,'DM','F',NULL,49);
INSERT INTO "surveys" VALUES(2801,1980,3,22,4,'DS','M',NULL,131);
INSERT INTO "surveys" VALUES(2901,1980,4,18,2,'DM','F',NULL,53);
INSERT INTO "surveys" VALUES(3001,1980,5,18,18,'NL','F',30,75);
INSERT INTO "surveys" VALUES(3101,1980,6,23,4,'DS','M',51,96);
INSERT INTO "surveys" VALUES(3201,1980,8,13,17,'DS','F',NULL,118);
INSERT INTO "surveys" VALUES(3301,1980,9,8,12,'PP','F',21,13);
INSERT INTO "surveys" VALUES(3401,1980,10,12,14,'DM','M',36,47);
INSERT INTO "surveys" VALUES(3501,1980,11,9,19,'DM','F',35,43);
INSERT INTO "surveys" VALUES(3601,1980,12,16,11,'DS','M',52,126);
INSERT INTO "surveys" VALUES(3701,1981,1,11,13,'OT','M',22,24);
INSERT INTO "surveys" VALUES(3801,1981,1,12,9,'DS','F',51,142);
INSERT INTO "surveys" VALUES(3901,1981,2,1,2,'DM','M',37,39);
INSERT INTO "surveys" VALUES(4001,1981,3,9,1,'DS','M',53,150);
INSERT INTO "surveys" VALUES(4101,1981,4,5,9,'DO','F',NULL,47);
INSERT INTO "surveys" VALUES(4201,1981,4,6,8,'DS','F',NULL,119);
INSERT INTO "surveys" VALUES(4301,1981,4,6,13,'DS','F',NULL,133);
INSERT INTO "surveys" VALUES(4401,1981,5,3,12,'DM','F',37,46);
INSERT INTO "surveys" VALUES(4501,1981,6,4,1,'DO','F',37,51);
INSERT INTO "surveys" VALUES(4601,1981,7,7,1,'DM','M',37,46);
INSERT INTO "surveys" VALUES(4701,1981,7,30,14,'DM','M',34,47);
INSERT INTO "surveys" VALUES(4801,1981,8,31,5,'DM','M',38,49);
INSERT INTO "surveys" VALUES(4901,1981,10,24,12,'DM','F',37,43);
INSERT INTO "surveys" VALUES(5001,1981,11,22,20,'DS','F',52,166);
INSERT INTO "surveys" VALUES(5101,1981,12,30,15,'RM','M',16,9);
INSERT INTO "surveys" VALUES(5201,1982,1,24,12,'NL','F',32,220);
INSERT INTO "surveys" VALUES(5301,1982,1,25,2,'PE','M',20,23);
INSERT INTO "surveys" VALUES(5401,1982,2,23,11,'NL','M',34,198);
INSERT INTO "surveys" VALUES(5501,1982,2,24,1,'OT','F',21,34);
INSERT INTO "surveys" VALUES(5601,1982,3,30,7,'PE','F',19,21);
INSERT INTO "surveys" VALUES(5701,1982,4,28,12,'DS','M',52,114);
INSERT INTO "surveys" VALUES(5801,1982,4,29,7,'RM',NULL,8,16);
INSERT INTO "surveys" VALUES(5901,1982,5,21,20,'DS','M',52,110);
INSERT INTO "surveys" VALUES(6001,1982,6,28,8,'DS','M',NULL,127);
INSERT INTO "surveys" VALUES(6101,1982,6,29,24,'PM','M',NULL,24);
INSERT INTO "surveys" VALUES(6201,1982,7,25,2,'DO','M',NULL,46);
INSERT INTO "surveys" VALUES(6301,1982,7,27,22,'DS','M',NULL,134);
INSERT INTO "surveys" VALUES(6401,1982,8,15,6,'DM','M',37,51);
INSERT INTO "surveys" VALUES(6501,1982,8,16,4,'DM','F',36,41);
INSERT INTO "surveys" VALUES(6601,1982,9,18,7,NULL,NULL,NULL,NULL);
INSERT INTO "surveys" VALUES(6701,1982,10,23,17,'DM','F',36,41);
INSERT INTO "surveys" VALUES(6801,1982,10,24,7,'PE','M',20,23);
INSERT INTO "surveys" VALUES(6901,1982,10,24,9,'DS','M',50,126);
INSERT INTO "surveys" VALUES(7001,1982,11,21,18,'PM','M',21,28);
INSERT INTO "surveys" VALUES(7101,1982,11,22,12,'DM','M',34,44);
INSERT INTO "surveys" VALUES(7201,1983,1,12,11,'PF','F',15,6);
INSERT INTO "surveys" VALUES(7301,1983,1,13,1,'PF','F',16,5);
INSERT INTO "surveys" VALUES(7401,1983,2,27,13,'DO','M',34,46);
INSERT INTO "surveys" VALUES(7501,1983,3,14,24,'DM','M',35,44);
INSERT INTO "surveys" VALUES(7601,1983,3,15,14,'DM','F',35,44);
INSERT INTO "surveys" VALUES(7701,1983,4,16,14,'OL','M',22,37);
INSERT INTO "surveys" VALUES(7801,1983,5,14,20,'DM','M',36,NULL);
INSERT INTO "surveys" VALUES(7901,1983,5,15,8,'PF','M',16,7);
INSERT INTO "surveys" VALUES(8001,1983,6,18,2,'DS','M',53,136);
INSERT INTO "surveys" VALUES(8101,1983,7,16,14,'OT','M',21,24);
INSERT INTO "surveys" VALUES(8201,1983,8,15,18,'DM','M',37,45);
INSERT INTO "surveys" VALUES(8301,1983,9,10,12,'DM','F',37,45);
INSERT INTO "surveys" VALUES(8401,1983,9,11,11,'DO','F',36,39);
INSERT INTO "surveys" VALUES(8501,1983,10,16,1,'DM','F',37,36);
INSERT INTO "surveys" VALUES(8601,1983,11,12,17,'DM','F',35,34);
INSERT INTO "surveys" VALUES(8701,1983,12,8,24,'DO','F',34,39);
INSERT INTO "surveys" VALUES(8801,1983,12,9,9,'DO','M',35,43);
INSERT INTO "surveys" VALUES(8901,1984,2,5,11,'OL','M',21,32);
INSERT INTO "surveys" VALUES(9001,1984,4,9,14,'DM','M',36,44);
INSERT INTO "surveys" VALUES(9101,1984,5,12,20,'DM','F',34,41);
INSERT INTO "surveys" VALUES(9201,1984,5,27,24,'NL','F',33,195);
INSERT INTO "surveys" VALUES(9301,1984,7,3,12,'SS',NULL,NULL,NULL);
INSERT INTO "surveys" VALUES(9401,1984,7,31,20,'OT','F',19,22);
INSERT INTO "surveys" VALUES(9501,1984,8,26,11,'NL','F',32,131);
INSERT INTO "surveys" VALUES(9601,1984,9,30,3,'DM','M',36,35);
INSERT INTO "surveys" VALUES(9701,1984,10,21,4,'DM','M',33,44);
INSERT INTO "surveys" VALUES(9801,1985,1,19,12,'PE','M',19,12);
INSERT INTO "surveys" VALUES(9901,1985,1,20,2,'DM','M',37,35);
INSERT INTO "surveys" VALUES(10001,1985,2,17,2,'DM','F',35,39);
INSERT INTO "surveys" VALUES(10101,1985,3,17,3,'PM','M',18,11);
INSERT INTO "surveys" VALUES(10201,1985,4,20,22,'DM','M',37,48);
INSERT INTO "surveys" VALUES(10301,1985,4,21,1,'DO','F',36,67);
INSERT INTO "surveys" VALUES(10401,1985,5,23,17,'DO','M',35,50);
INSERT INTO "surveys" VALUES(10501,1985,6,16,7,'RM','F',15,6);
INSERT INTO "surveys" VALUES(10601,1985,7,24,5,'DM','M',37,54);
INSERT INTO "surveys" VALUES(10701,1985,8,20,1,'DS','F',49,140);
INSERT INTO "surveys" VALUES(10801,1985,9,22,5,'DM','F',36,42);
INSERT INTO "surveys" VALUES(10901,1985,10,13,4,'DS','F',50,123);
INSERT INTO "surveys" VALUES(11001,1985,11,16,6,'DO','M',35,50);
INSERT INTO "surveys" VALUES(11101,1985,12,7,14,'AH',NULL,NULL,NULL);
INSERT INTO "surveys" VALUES(11201,1985,12,8,5,'OL','M',21,29);
INSERT INTO "surveys" VALUES(11301,1986,3,9,13,'AB',NULL,NULL,NULL);
INSERT INTO "surveys" VALUES(11401,1986,4,13,5,'DM','M',35,52);
INSERT INTO "surveys" VALUES(11501,1986,5,11,1,'DM','F',35,43);
INSERT INTO "surveys" VALUES(11601,1986,6,5,3,'PP','M',21,16);
INSERT INTO "surveys" VALUES(11701,1986,7,4,10,'RM','M',15,11);
INSERT INTO "surveys" VALUES(11801,1986,8,10,13,'AH',NULL,NULL,NULL);
INSERT INTO "surveys" VALUES(11901,1986,10,4,19,'PM','F',20,25);
INSERT INTO "surveys" VALUES(12001,1986,11,15,14,'DM','F',36,44);
INSERT INTO "surveys" VALUES(12101,1986,12,14,12,'OT','M',20,24);
INSERT INTO "surveys" VALUES(12201,1987,1,31,6,'DO','F',33,36);
INSERT INTO "surveys" VALUES(12301,1987,2,1,9,'DO','F',33,37);
INSERT INTO "surveys" VALUES(12401,1987,3,2,7,'RM','M',16,10);
INSERT INTO "surveys" VALUES(12501,1987,4,4,23,'PM','F',18,11);
INSERT INTO "surveys" VALUES(12601,1987,4,6,11,'DM','M',37,50);
INSERT INTO "surveys" VALUES(12701,1987,4,26,9,'DS','F',52,150);
INSERT INTO "surveys" VALUES(12801,1987,5,28,9,'DM','M',35,47);
INSERT INTO "surveys" VALUES(12901,1987,6,30,6,'DO','F',33,38);
INSERT INTO "surveys" VALUES(13001,1987,7,1,8,'DS','F',NULL,NULL);
INSERT INTO "surveys" VALUES(13101,1987,7,25,12,'PE','F',NULL,20);
INSERT INTO "surveys" VALUES(13201,1987,8,25,16,'PE','M',22,23);
INSERT INTO "surveys" VALUES(13301,1987,8,26,1,'DM','M',35,38);
INSERT INTO "surveys" VALUES(13401,1987,9,26,24,'AH',NULL,NULL,NULL);
INSERT INTO "surveys" VALUES(13501,1987,10,24,14,'PE','M',21,21);
INSERT INTO "surveys" VALUES(13601,1987,10,25,4,'DS','M',52,133);
INSERT INTO "surveys" VALUES(13701,1987,11,21,21,'RM','F',16,12);
INSERT INTO "surveys" VALUES(13801,1987,11,22,4,'OL','M',22,28);
INSERT INTO "surveys" VALUES(13901,1988,1,23,17,'AB',NULL,NULL,NULL);
INSERT INTO "surveys" VALUES(14001,1988,1,24,11,'DM','F',36,35);
INSERT INTO "surveys" VALUES(14101,1988,2,22,2,'AH',NULL,NULL,NULL);
INSERT INTO "surveys" VALUES(14201,1988,3,20,17,'RM','F',17,9);
INSERT INTO "surveys" VALUES(14301,1988,3,21,2,'PE','F',20,29);
INSERT INTO "surveys" VALUES(14401,1988,4,18,18,'OT','F',20,15);
INSERT INTO "surveys" VALUES(14501,1988,5,15,11,'NL','F',NULL,190);
INSERT INTO "surveys" VALUES(14601,1988,6,12,3,'PP','F',22,23);
INSERT INTO "surveys" VALUES(14701,1988,7,15,15,'PE','F',21,21);
INSERT INTO "surveys" VALUES(14801,1988,8,10,14,'DM','F',36,46);
INSERT INTO "surveys" VALUES(14901,1988,9,12,2,'DO','F',37,65);
INSERT INTO "surveys" VALUES(15001,1988,10,9,14,'DM','M',37,60);
INSERT INTO "surveys" VALUES(15101,1988,11,6,9,'DM','F',36,47);
INSERT INTO "surveys" VALUES(15201,1988,12,13,17,'PE','F',20,22);
INSERT INTO "surveys" VALUES(15301,1988,12,14,8,'DM','F',35,41);
INSERT INTO "surveys" VALUES(15401,1989,1,11,10,'RM','M',17,10);
INSERT INTO "surveys" VALUES(15501,1989,2,4,20,'NL','F',33,155);
INSERT INTO "surveys" VALUES(15601,1989,2,5,11,'DM','M',36,48);
INSERT INTO "surveys" VALUES(15701,1989,3,12,6,'RM','F',18,13);
INSERT INTO "surveys" VALUES(15801,1989,3,14,3,'OT','M',21,28);
INSERT INTO "surveys" VALUES(15901,1989,4,1,5,'SA',NULL,NULL,NULL);
INSERT INTO "surveys" VALUES(16001,1989,5,9,23,'CB',NULL,NULL,NULL);
INSERT INTO "surveys" VALUES(16101,1989,6,3,21,'RM',NULL,NULL,NULL);
INSERT INTO "surveys" VALUES(16201,1989,6,4,8,'DM','F',50,38);
INSERT INTO "surveys" VALUES(16301,1989,7,4,9,'DM','M',NULL,52);
INSERT INTO "surveys" VALUES(16401,1989,7,30,9,'DM','M',38,56);
INSERT INTO "surveys" VALUES(16501,1989,10,7,9,'OT','F',21,23);
INSERT INTO "surveys" VALUES(16601,1989,11,4,19,'PF','F',15,7);
INSERT INTO "surveys" VALUES(16701,1989,11,5,5,'RF','F',17,17);
INSERT INTO "surveys" VALUES(16801,1989,12,4,17,'PE','M',22,21);
INSERT INTO "surveys" VALUES(16901,1990,1,6,12,'AH',NULL,NULL,NULL);
INSERT INTO "surveys" VALUES(17001,1990,1,29,7,'RM','F',17,9);
INSERT INTO "surveys" VALUES(17101,1990,1,30,9,'DM','F',36,38);
INSERT INTO "surveys" VALUES(17201,1990,2,25,14,'DM','F',36,48);
INSERT INTO "surveys" VALUES(17301,1990,3,30,14,'DM','M',36,41);
INSERT INTO "surveys" VALUES(17401,1990,4,24,19,'RM','M',17,9);
INSERT INTO "surveys" VALUES(17501,1990,5,23,7,'RM','M',17,12);
INSERT INTO "surveys" VALUES(17601,1990,6,21,12,'DM','F',36,43);
INSERT INTO "surveys" VALUES(17701,1990,7,22,13,'OT','F',21,28);
INSERT INTO "surveys" VALUES(17801,1990,8,17,8,'DM','M',37,47);
INSERT INTO "surveys" VALUES(17901,1990,10,15,22,'DS','F',49,106);
INSERT INTO "surveys" VALUES(18001,1990,11,10,12,'DM','F',36,46);
INSERT INTO "surveys" VALUES(18101,1990,12,15,17,'DM','F',37,44);
INSERT INTO "surveys" VALUES(18201,1991,1,11,2,'DM','M',37,51);
INSERT INTO "surveys" VALUES(18301,1991,1,12,9,'DM','M',37,49);
INSERT INTO "surveys" VALUES(18401,1991,2,17,4,'DM','M',38,46);
INSERT INTO "surveys" VALUES(18501,1991,3,14,13,'OT','M',21,28);
INSERT INTO "surveys" VALUES(18601,1991,4,21,3,'PP','M',23,23);
INSERT INTO "surveys" VALUES(18701,1991,5,14,5,'RM','F',16,13);
INSERT INTO "surveys" VALUES(18801,1991,6,14,8,'DM','F',36,43);
INSERT INTO "surveys" VALUES(18901,1991,7,13,3,'PP','F',19,19);
INSERT INTO "surveys" VALUES(19001,1991,8,8,3,'PP','F',21,10);
INSERT INTO "surveys" VALUES(19101,1991,10,10,24,'RM','F',16,9);
INSERT INTO "surveys" VALUES(19201,1991,11,13,19,'RM','M',16,12);
INSERT INTO "surveys" VALUES(19301,1991,11,14,20,'SO','F',29,82);
INSERT INTO "surveys" VALUES(19401,1991,12,7,20,'RM','F',16,11);
INSERT INTO "surveys" VALUES(19501,1991,12,8,14,'DM','M',36,40);
INSERT INTO "surveys" VALUES(19601,1992,1,9,4,'DM','F',35,36);
INSERT INTO "surveys" VALUES(19701,1992,2,7,3,'PP','F',21,12);
INSERT INTO "surveys" VALUES(19801,1992,3,7,19,'RM','M',16,10);
INSERT INTO "surveys" VALUES(19901,1992,4,4,18,'PF','F',15,8);
INSERT INTO "surveys" VALUES(20001,1992,5,3,3,'PP','F',23,26);
INSERT INTO "surveys" VALUES(20101,1992,7,3,17,'DM','M',34,34);
INSERT INTO "surveys" VALUES(20201,1992,7,30,2,'DO','M',33,32);
INSERT INTO "surveys" VALUES(20301,1992,8,30,13,'PP','F',20,17);
INSERT INTO "surveys" VALUES(20401,1992,9,27,14,'DM','F',32,44);
INSERT INTO "surveys" VALUES(20501,1992,10,19,13,'PF','F',15,8);
INSERT INTO "surveys" VALUES(20601,1993,1,24,2,'RM','M',16,NULL);
INSERT INTO "surveys" VALUES(20701,1993,3,17,1,'DM','M',34,44);
INSERT INTO "surveys" VALUES(20801,1993,4,23,7,'PP','F',22,21);
INSERT INTO "surveys" VALUES(20901,1993,6,18,17,'DM','M',37,51);
INSERT INTO "surveys" VALUES(21001,1993,7,14,23,'RM','F',17,12);
INSERT INTO "surveys" VALUES(21101,1993,9,16,20,'PF','F',14,6);
INSERT INTO "surveys" VALUES(21201,1993,10,16,3,'RM','M',16,11);
INSERT INTO "surveys" VALUES(21301,1993,12,15,3,'RM','F',16,6);
INSERT INTO "surveys" VALUES(21401,1994,2,20,1,NULL,NULL,NULL,NULL);
INSERT INTO "surveys" VALUES(21501,1994,4,10,12,'DM','F',37,37);
INSERT INTO "surveys" VALUES(21601,1994,5,19,8,'UL',NULL,NULL,NULL);
INSERT INTO "surveys" VALUES(21701,1994,7,9,13,'OL','M',22,29);
INSERT INTO "surveys" VALUES(21801,1994,9,7,8,'PP','M',21,16);
INSERT INTO "surveys" VALUES(21901,1994,11,1,2,'DO','M',36,47);
INSERT INTO "surveys" VALUES(22001,1995,1,11,2,'DO','M',36,41);
INSERT INTO "surveys" VALUES(22101,1995,2,5,9,'DM','F',37,41);
INSERT INTO "surveys" VALUES(22201,1995,4,2,4,'DM','M',37,44);
INSERT INTO "surveys" VALUES(22301,1995,6,7,1,'DM','F',38,50);
INSERT INTO "surveys" VALUES(22401,1995,6,28,3,'PP','M',23,19);
INSERT INTO "surveys" VALUES(22501,1995,7,21,4,'DM','F',36,57);
INSERT INTO "surveys" VALUES(22601,1995,8,27,8,'PP','F',22,18);
INSERT INTO "surveys" VALUES(22701,1995,9,23,7,'RM','F',14,13);
INSERT INTO "surveys" VALUES(22801,1995,9,24,13,'DM','M',34,53);
INSERT INTO "surveys" VALUES(22901,1995,10,28,20,'PF','M',16,8);
INSERT INTO "surveys" VALUES(23001,1995,12,2,20,'RM','F',16,10);
INSERT INTO "surveys" VALUES(23101,1995,12,3,13,'PF','M',16,9);
INSERT INTO "surveys" VALUES(23201,1995,12,22,4,'DM','M',35,43);
INSERT INTO "surveys" VALUES(23301,1996,1,28,8,'DM','M',38,37);
INSERT INTO "surveys" VALUES(23401,1996,2,24,17,'DM','M',38,54);
INSERT INTO "surveys" VALUES(23501,1996,3,23,2,'PP','F',23,18);
INSERT INTO "surveys" VALUES(23601,1996,3,23,7,'RM','M',17,11);
INSERT INTO "surveys" VALUES(23701,1996,4,14,17,'DM','F',38,NULL);
INSERT INTO "surveys" VALUES(23801,1996,4,15,14,'PF','F',16,8);
INSERT INTO "surveys" VALUES(23901,1996,5,23,7,'PM','M',21,20);
INSERT INTO "surveys" VALUES(24001,1996,5,24,15,'PP','M',24,20);
INSERT INTO "surveys" VALUES(24101,1996,6,14,8,'DO','M',37,52);
INSERT INTO "surveys" VALUES(24201,1996,7,20,7,'PP','F',23,17);
INSERT INTO "surveys" VALUES(24301,1996,8,14,19,'PP','M',22,18);
INSERT INTO "surveys" VALUES(24401,1996,9,21,17,'DM','M',37,44);
INSERT INTO "surveys" VALUES(24501,1996,9,22,13,'OT','M',20,21);
INSERT INTO "surveys" VALUES(24601,1996,10,13,6,'PF','F',16,8);
INSERT INTO "surveys" VALUES(24701,1996,11,16,18,'PF','M',16,7);
INSERT INTO "surveys" VALUES(24801,1996,12,18,19,'PF','M',16,8);
INSERT INTO "surveys" VALUES(24901,1996,12,19,13,'OT','F',20,20);
INSERT INTO "surveys" VALUES(25001,1997,2,8,19,'RM','F',16,11);
INSERT INTO "surveys" VALUES(25101,1997,2,9,9,'DM','F',35,37);
INSERT INTO "surveys" VALUES(25201,1997,3,15,12,'RM','M',16,10);
INSERT INTO "surveys" VALUES(25301,1997,3,16,8,'PP','M',22,21);
INSERT INTO "surveys" VALUES(25401,1997,3,16,9,'DM','F',36,40);
INSERT INTO "surveys" VALUES(25501,1997,4,12,12,'PP','M',22,21);
INSERT INTO "surveys" VALUES(25601,1997,4,13,6,'PF','M',15,7);
INSERT INTO "surveys" VALUES(25701,1997,5,10,2,'NL','F',32,144);
INSERT INTO "surveys" VALUES(25801,1997,5,10,1,'OT','M',20,19);
INSERT INTO "surveys" VALUES(25901,1997,5,11,14,'DM','F',33,44);
INSERT INTO "surveys" VALUES(26001,1997,6,9,3,'PP','F',21,9);
INSERT INTO "surveys" VALUES(26101,1997,6,10,12,'OT','M',20,28);
INSERT INTO "surveys" VALUES(26201,1997,6,11,13,'PB','M',26,19);
INSERT INTO "surveys" VALUES(26301,1997,7,9,21,'PM','M',21,19);
INSERT INTO "surveys" VALUES(26401,1997,7,9,8,'PP','F',22,12);
INSERT INTO "surveys" VALUES(26501,1997,7,9,8,'DM','M',37,42);
INSERT INTO "surveys" VALUES(26601,1997,7,29,20,'PM','M',21,26);
INSERT INTO "surveys" VALUES(26701,1997,7,30,3,'PL','M',21,19);
INSERT INTO "surveys" VALUES(26801,1997,9,27,18,'PF','F',16,7);
INSERT INTO "surveys" VALUES(26901,1997,9,28,16,'PM','F',20,29);
INSERT INTO "surveys" VALUES(27001,1997,10,25,20,'PE','M',20,22);
INSERT INTO "surveys" VALUES(27101,1997,10,26,14,'DM','F',37,47);
INSERT INTO "surveys" VALUES(27201,1997,11,22,12,'DM','M',35,42);
INSERT INTO "surveys" VALUES(27301,1997,12,28,22,'PB','F',26,25);
INSERT INTO "surveys" VALUES(27401,1997,12,29,14,'OT','M',20,24);
INSERT INTO "surveys" VALUES(27501,1998,2,1,8,'DM','M',36,45);
INSERT INTO "surveys" VALUES(27601,1998,3,2,11,'DM','M',36,NULL);
INSERT INTO "surveys" VALUES(27701,1998,3,29,2,'DM','M',34,45);
INSERT INTO "surveys" VALUES(27801,1998,5,3,15,'PL','M',21,22);
INSERT INTO "surveys" VALUES(27901,1998,5,28,17,'DM','M',39,43);
INSERT INTO "surveys" VALUES(28001,1998,5,29,6,'PP','F',22,18);
INSERT INTO "surveys" VALUES(28101,1998,6,28,9,'DM','M',37,47);
INSERT INTO "surveys" VALUES(28201,1998,7,18,21,'PB','M',26,22);
INSERT INTO "surveys" VALUES(28301,1998,7,19,13,'PB','F',26,21);
INSERT INTO "surveys" VALUES(28401,1998,8,22,22,'PB','F',26,26);
INSERT INTO "surveys" VALUES(28501,1998,9,19,19,'PB','M',25,29);
INSERT INTO "surveys" VALUES(28601,1998,9,20,13,'OT','F',20,26);
INSERT INTO "surveys" VALUES(28701,1998,10,24,19,'OT','M',21,21);
INSERT INTO "surveys" VALUES(28801,1998,11,21,2,'DO','M',35,52);
INSERT INTO "surveys" VALUES(28901,1998,11,22,10,'PM','M',21,25);
INSERT INTO "surveys" VALUES(29001,1998,12,23,8,'DM','F',36,42);
INSERT INTO "surveys" VALUES(29101,1999,1,17,4,'DM','F',36,42);
INSERT INTO "surveys" VALUES(29201,1999,2,20,18,'RM','M',18,11);
INSERT INTO "surveys" VALUES(29301,1999,3,14,1,'PM','M',20,23);
INSERT INTO "surveys" VALUES(29401,1999,3,15,9,'DM','F',36,45);
INSERT INTO "surveys" VALUES(29501,1999,4,18,3,'PB','M',26,26);
INSERT INTO "surveys" VALUES(29601,1999,5,15,17,'DM','F',36,43);
INSERT INTO "surveys" VALUES(29701,1999,6,12,1,'PP','F',22,18);
INSERT INTO "surveys" VALUES(29801,1999,6,13,8,'DO','M',36,38);
INSERT INTO "surveys" VALUES(29901,1999,10,10,3,'PB','M',26,26);
INSERT INTO "surveys" VALUES(30001,1999,11,7,3,'PP','M',22,15);
INSERT INTO "surveys" VALUES(30101,1999,12,5,21,'PB','M',23,24);
INSERT INTO "surveys" VALUES(30201,2000,1,8,20,'PP','F',22,17);
INSERT INTO "surveys" VALUES(30301,2000,2,5,2,'PP','M',22,18);
INSERT INTO "surveys" VALUES(30401,2000,2,6,8,'DO','M',36,57);
INSERT INTO "surveys" VALUES(30501,2000,3,5,3,'NL','F',32,171);
INSERT INTO "surveys" VALUES(30601,2000,4,30,17,'OT','M',21,30);
INSERT INTO "surveys" VALUES(30701,2000,4,31,13,'PB','F',26,31);
INSERT INTO "surveys" VALUES(30801,2000,6,3,24,'PP','F',21,17);
INSERT INTO "surveys" VALUES(30901,2000,7,1,1,'PP','F',21,14);
INSERT INTO "surveys" VALUES(31001,2000,7,2,4,'PB','F',24,28);
INSERT INTO "surveys" VALUES(31101,2000,7,22,1,'DM','M',36,39);
INSERT INTO "surveys" VALUES(31201,2000,8,25,1,'PB','M',29,42);
INSERT INTO "surveys" VALUES(31301,2000,8,26,6,'PP','F',19,13);
INSERT INTO "surveys" VALUES(31401,2000,9,30,19,'PB','M',26,27);
INSERT INTO "surveys" VALUES(31501,2000,9,31,16,'OT','F',20,NULL);
INSERT INTO "surveys" VALUES(31601,2000,11,26,14,'DM','M',36,40);
INSERT INTO "surveys" VALUES(31701,2000,12,23,13,'OT','M',21,23);
INSERT INTO "surveys" VALUES(31801,2001,3,3,17,'DM','M',38,NULL);
INSERT INTO "surveys" VALUES(31901,2001,3,25,9,'DM','F',37,NULL);
INSERT INTO "surveys" VALUES(32001,2001,4,22,6,'PB','F',26,49);
INSERT INTO "surveys" VALUES(32101,2001,5,27,6,'SH','F',29,123);
INSERT INTO "surveys" VALUES(32201,2001,6,25,22,'PB','M',27,26);
INSERT INTO "surveys" VALUES(32301,2001,7,22,9,'PP','F',22,11);
INSERT INTO "surveys" VALUES(32401,2001,8,25,12,'DO','M',37,57);
INSERT INTO "surveys" VALUES(32501,2001,8,26,6,'PB','F',26,27);
INSERT INTO "surveys" VALUES(32601,2001,9,22,2,'DM','M',34,24);
INSERT INTO "surveys" VALUES(32701,2001,9,23,3,'PB','M',27,40);
INSERT INTO "surveys" VALUES(32801,2001,9,23,16,'OT','M',21,21);
INSERT INTO "surveys" VALUES(32901,2001,10,14,3,'OT','M',21,25);
INSERT INTO "surveys" VALUES(33001,2001,10,14,14,'DM','F',34,45);
INSERT INTO "surveys" VALUES(33101,2001,11,17,22,'OT','F',21,22);
INSERT INTO "surveys" VALUES(33201,2001,11,18,13,'PB','F',26,27);
INSERT INTO "surveys" VALUES(33301,2001,12,15,20,'PB','F',27,31);
INSERT INTO "surveys" VALUES(33401,2002,2,9,1,'DM','M',37,47);
INSERT INTO "surveys" VALUES(33501,2002,2,10,6,'PB','F',26,25);
INSERT INTO "surveys" VALUES(33601,2002,3,13,19,'AH',NULL,NULL,NULL);
INSERT INTO "surveys" VALUES(33701,2002,3,14,8,'PB','F',26,37);
INSERT INTO "surveys" VALUES(33801,2002,4,16,8,'DO','F',37,51);
INSERT INTO "surveys" VALUES(33901,2002,4,17,14,'DM','M',34,50);
INSERT INTO "surveys" VALUES(34001,2002,5,15,18,'PB','F',25,35);
INSERT INTO "surveys" VALUES(34101,2002,5,16,6,'PB','F',25,36);
INSERT INTO "surveys" VALUES(34201,2002,6,15,12,'DO','F',38,47);
INSERT INTO "surveys" VALUES(34301,2002,6,16,4,'PP','F',23,18);
INSERT INTO "surveys" VALUES(34401,2002,6,16,15,'PB','F',26,26);
INSERT INTO "surveys" VALUES(34501,2002,7,13,21,'PB','F',25,24);
INSERT INTO "surveys" VALUES(34601,2002,7,14,9,'DO','F',37,47);
INSERT INTO "surveys" VALUES(34701,2002,9,10,15,'PB','M',25,32);
INSERT INTO "surveys" VALUES(34801,2002,10,5,18,'PB','F',25,29);
INSERT INTO "surveys" VALUES(34901,2002,10,6,11,'PB','F',26,34);
INSERT INTO "surveys" VALUES(35001,2002,11,9,17,'PB','M',26,31);
INSERT INTO "surveys" VALUES(35101,2002,11,10,9,'PF','M',14,7);
INSERT INTO "surveys" VALUES(35201,2002,12,7,2,'PE','F',21,28);
INSERT INTO "surveys" VALUES(35301,2002,12,8,4,'PF','M',13,6);
INSERT INTO "surveys" VALUES(35401,2002,12,29,2,'PP','M',21,14);
INSERT INTO "surveys" VALUES(35501,2002,12,31,4,'DO','M',33,48);

CREATE TABLE species (
  species_id TEXT, 
  genus TEXT, 
  species TEXT, 
  taxa TEXT
);
INSERT INTO "species" VALUES('AB','Amphispiza','bilineata','Bird');
INSERT INTO "species" VALUES('AH','Ammospermophilus','harrisi','Rodent');
INSERT INTO "species" VALUES('AS','Ammodramus','savannarum','Bird');
INSERT INTO "species" VALUES('BA','Baiomys','taylori','Rodent');
INSERT INTO "species" VALUES('CB','Campylorhynchus','brunneicapillus','Bird');
INSERT INTO "species" VALUES('CM','Calamospiza','melanocorys','Bird');
INSERT INTO "species" VALUES('CQ','Callipepla','squamata','Bird');
INSERT INTO "species" VALUES('CS','Crotalus','scutalatus','Reptile');
INSERT INTO "species" VALUES('CT','Cnemidophorus','tigris','Reptile');
INSERT INTO "species" VALUES('CU','Cnemidophorus','uniparens','Reptile');
INSERT INTO "species" VALUES('CV','Crotalus','viridis','Reptile');
INSERT INTO "species" VALUES('DM','Dipodomys','merriami','Rodent');
INSERT INTO "species" VALUES('DO','Dipodomys','ordii','Rodent');
INSERT INTO "species" VALUES('DS','Dipodomys','spectabilis','Rodent');
INSERT INTO "species" VALUES('DX','Dipodomys','sp.','Rodent');
INSERT INTO "species" VALUES('EO','Eumeces','obsoletus','Reptile');
INSERT INTO "species" VALUES('GS','Gambelia','silus','Reptile');
INSERT INTO "species" VALUES('NL','Neotoma','albigula','Rodent');
INSERT INTO "species" VALUES('NX','Neotoma','sp.','Rodent');
INSERT INTO "species" VALUES('OL','Onychomys','leucogaster','Rodent');
INSERT INTO "species" VALUES('OT','Onychomys','torridus','Rodent');
INSERT INTO "species" VALUES('OX','Onychomys','sp.','Rodent');
INSERT INTO "species" VALUES('PB','Chaetodipus','baileyi','Rodent');
INSERT INTO "species" VALUES('PC','Pipilo','chlorurus','Bird');
INSERT INTO "species" VALUES('PE','Peromyscus','eremicus','Rodent');
INSERT INTO "species" VALUES('PF','Perognathus','flavus','Rodent');
INSERT INTO "species" VALUES('PG','Pooecetes','gramineus','Bird');
INSERT INTO "species" VALUES('PH','Perognathus','hispidus','Rodent');
INSERT INTO "species" VALUES('PI','Chaetodipus','intermedius','Rodent');
INSERT INTO "species" VALUES('PL','Peromyscus','leucopus','Rodent');
INSERT INTO "species" VALUES('PM','Peromyscus','maniculatus','Rodent');
INSERT INTO "species" VALUES('PP','Chaetodipus','penicillatus','Rodent');
INSERT INTO "species" VALUES('PU','Pipilo','fuscus','Bird');
INSERT INTO "species" VALUES('PX','Chaetodipus','sp.','Rodent');
INSERT INTO "species" VALUES('RF','Reithrodontomys','fulvescens','Rodent');
INSERT INTO "species" VALUES('RM','Reithrodontomys','megalotis','Rodent');
INSERT INTO "species" VALUES('RO','Reithrodontomys','montanus','Rodent');
INSERT INTO "species" VALUES('RX','Reithrodontomys','sp.','Rodent');
INSERT INTO "species" VALUES('SA','Sylvilagus','audubonii','Rabbit');
INSERT INTO "species" VALUES('SB','Spizella','breweri','Bird');
INSERT INTO "species" VALUES('SC','Sceloporus','clarki','Reptile');
INSERT INTO "species" VALUES('SF','Sigmodon','fulviventer','Rodent');
INSERT INTO "species" VALUES('SH','Sigmodon','hispidus','Rodent');
INSERT INTO "species" VALUES('SO','Sigmodon','ochrognathus','Rodent');
INSERT INTO "species" VALUES('SS','Spermophilus','spilosoma','Rodent');
INSERT INTO "species" VALUES('ST','Spermophilus','tereticaudus','Rodent');
INSERT INTO "species" VALUES('SU','Sceloporus','undulatus','Reptile');
INSERT INTO "species" VALUES('SX','Sigmodon','sp.','Rodent');
INSERT INTO "species" VALUES('UL','Lizard','sp.','Reptile');
INSERT INTO "species" VALUES('UP','Pipilo','sp.','Bird');
INSERT INTO "species" VALUES('UR','Rodent','sp.','Rodent');
INSERT INTO "species" VALUES('US','Sparrow','sp.','Bird');
INSERT INTO "species" VALUES('ZL','Zonotrichia','leucophrys','Bird');
INSERT INTO "species" VALUES('ZM','Zenaida','macroura','Bird');

CREATE TABLE plots (
  plot_id INTEGER, 
  plot_type TEXT
);
INSERT INTO "plots" VALUES(1,'Spectab exclosure');
INSERT INTO "plots" VALUES(2,'Control');
INSERT INTO "plots" VALUES(3,'Long-term Krat Exclosure');
INSERT INTO "plots" VALUES(4,'Control');
INSERT INTO "plots" VALUES(5,'Rodent Exclosure');
INSERT INTO "plots" VALUES(6,'Short-term Krat Exclosure');
INSERT INTO "plots" VALUES(7,'Rodent Exclosure');
INSERT INTO "plots" VALUES(8,'Control');
INSERT INTO "plots" VALUES(9,'Spectab exclosure');
INSERT INTO "plots" VALUES(10,'Rodent Exclosure');
INSERT INTO "plots" VALUES(11,'Control');
INSERT INTO "plots" VALUES(12,'Control');
INSERT INTO "plots" VALUES(13,'Short-term Krat Exclosure');
INSERT INTO "plots" VALUES(14,'Control');
INSERT INTO "plots" VALUES(15,'Long-term Krat Exclosure');
INSERT INTO "plots" VALUES(16,'Rodent Exclosure');
INSERT INTO "plots" VALUES(17,'Control');
INSERT INTO "plots" VALUES(18,'Short-term Krat Exclosure');
INSERT INTO "plots" VALUES(19,'Long-term Krat Exclosure');
INSERT INTO "plots" VALUES(20,'Short-term Krat Exclosure');
INSERT INTO "plots" VALUES(21,'Long-term Krat Exclosure');
INSERT INTO "plots" VALUES(22,'Control');
INSERT INTO "plots" VALUES(23,'Rodent Exclosure');
INSERT INTO "plots" VALUES(24,'Rodent Exclosure');
